公司代號,出表日期,公司名稱,產業別,當月營收,上月營收
1102,1110912,亞泥,水泥工業,7069221,7864622
1108,1110912,幸福,水泥工業,390053,326691
1109,1110912,信大,水泥工業,478276,557403
1110,1110912,東泥,水泥工業,176935,134470
1213,1110912,大飲,食品工業,38696,29503
1215,1110912,卜蜂,食品工業,2393814,2400161
1218,1110912,泰山,食品工業,1054476,1023417
1219,1110912,福壽,食品工業,1352250,1321525
1220,1110912,台榮,食品工業,314062,294528
1225,1110912,福懋油,食品工業,1333748,1301087
1227,1110912,佳格,食品工業,2686715,2146094
1229,1110912,聯華,食品工業,831107,906199
1231,1110912,聯華食,食品工業,976319,987622
1232,1110912,大統益,食品工業,2186695,1798053
1233,1110912,天仁,食品工業,173566,133500
1234,1110912,黑松,食品工業,1074526,952900
1235,1110912,興泰,食品工業,6974,3274
1236,1110912,宏亞,食品工業,221454,170333
1256,1110912,鮮活果汁-KY,食品工業,581403,475276
1301,1110912,台塑,塑膠工業,17450790,19936058
1303,1110912,南亞,塑膠工業,27507669,27970940
1304,1110912,台聚,塑膠工業,5215901,5657528
1305,1110912,華夏,塑膠工業,1190704,1560080
1307,1110912,三芳,塑膠工業,1118509,923832
1308,1110912,亞聚,塑膠工業,1082981,969456
1309,1110912,台達化,塑膠工業,1529912,1586565
1310,1110912,台苯,塑膠工業,851722,1314555
1312,1110912,國喬,塑膠工業,1405126,1382426
1313,1110912,聯成,塑膠工業,5052422,5993125
1315,1110912,達新,塑膠工業,306497,212786
1319,1110912,東陽,汽車工業,1767684,1859349
1321,1110912,大洋,塑膠工業,550848,474542
1324,1110912,地球,塑膠工業,75027,73983
1325,1110912,恆大,塑膠工業,44949,50686
1326,1110912,台化,塑膠工業,28666166,31249506
1337,1110912,再生-KY,塑膠工業,60295,53666
1338,1110912,廣華-KY,汽車工業,617345,705668
1339,1110912,昭輝,汽車工業,175239,179434
1340,1110912,勝悅-KY,塑膠工業,40342,36383
1341,1110912,富林-KY,塑膠工業,215526,212305
1342,1110912,八貫,其他,212537,214641
1410,1110912,南染,紡織纖維,29489,30028
1413,1110912,宏洲,紡織纖維,263208,219957
1414,1110912,東和,紡織纖維,55727,60543
1417,1110912,嘉裕,紡織纖維,117306,120361
1418,1110912,東華,紡織纖維,701,427
1419,1110912,新紡,紡織纖維,312131,270399
1423,1110912,利華,紡織纖維,14789,10059
1434,1110912,福懋,紡織纖維,2965754,2957701
1435,1110912,中福,其他,1085,1067
1436,1110912,華友聯,建材營造,864693,655976
1437,1110912,勤益控,其他,67184,123460
1440,1110912,南紡,紡織纖維,1615212,1727479
1441,1110912,大東,紡織纖維,108145,141393
1442,1110912,名軒,建材營造,125929,69478
1443,1110912,立益物流,其他,103981,63796
1444,1110912,力麗,紡織纖維,1110060,1124306
1445,1110912,大宇,紡織纖維,124480,129689
1446,1110912,宏和,紡織纖維,10478,20368
1447,1110912,力鵬,紡織纖維,2719435,3157856
1449,1110912,佳和,紡織纖維,232128,182939
1451,1110912,年興,紡織纖維,825466,861416
1452,1110912,宏益,紡織纖維,134402,135987
1453,1110912,大將,建材營造,39629,30291
1454,1110912,台富,紡織纖維,157137,155473
1455,1110912,集盛,紡織纖維,694537,742046
1456,1110912,怡華,建材營造,36321,47436
1457,1110912,宜進,紡織纖維,365255,309944
1459,1110912,聯發,紡織纖維,132777,162430
1460,1110912,宏遠,紡織纖維,925749,835539
1463,1110912,強盛,紡織纖維,37194,43449
1464,1110912,得力,紡織纖維,1055023,981694
1465,1110912,偉全,紡織纖維,60397,40660
1466,1110912,聚隆,紡織纖維,215180,228599
1468,1110912,昶和,紡織纖維,132643,152071
1470,1110912,大統新創,紡織纖維,84491,70402
1471,1110912,首利,電子零組件業,16873,14981
1473,1110912,台南,紡織纖維,707355,787362
1474,1110912,弘裕,紡織纖維,286882,264396
1475,1110912,業旺,紡織纖維,83865,104255
1476,1110912,儒鴻,紡織纖維,3913925,3899629
1477,1110912,聚陽,紡織纖維,3261778,3718403
1504,1110912,東元,電機機械,4690410,5228346
1506,1110912,正道,電機機械,91940,90144
1512,1110912,瑞利,汽車工業,44832,54530
1513,1110912,中興電,電機機械,1486349,1498362
1514,1110912,亞力,電機機械,581803,497977
1515,1110912,力山,電機機械,419646,342805
1516,1110912,川飛,其他,198568,217961
1521,1110912,大億,汽車工業,371194,398886
1522,1110912,堤維西,汽車工業,1526510,1508869
1524,1110912,耿鼎,汽車工業,180053,192039
1525,1110912,江申,汽車工業,120687,152879
1526,1110912,日馳,電機機械,198988,188609
1527,1110912,鑽全,電機機械,318364,304470
1528,1110912,恩德,電機機械,286967,287238
1529,1110912,樂士,電機機械,22909,25085
1530,1110912,亞崴,電機機械,299268,327831
1531,1110912,高林股,電機機械,193348,212566
1532,1110912,勤美,電機機械,1202021,1127279
1533,1110912,車王電,汽車工業,245523,370906
1535,1110912,中宇,電機機械,685491,720211
1536,1110912,和大,汽車工業,701619,669456
1537,1110912,廣隆,電機機械,707839,702257
1538,1110912,正峰,電機機械,32519,28086
1539,1110912,巨庭,電機機械,214396,232621
1540,1110912,喬福,電機機械,52791,48710
1558,1110912,伸興,電機機械,406755,431679
1560,1110912,中砂,電機機械,617552,618058
1568,1110912,倉佑,汽車工業,133799,153467
1582,1110912,信錦,電子零組件業,753559,962758
1583,1110912,程泰,電機機械,615406,596528
1587,1110912,吉茂,汽車工業,230637,245881
1589,1110912,永冠-KY,電機機械,849214,786319
1590,1110912,亞德客-KY,電機機械,1976218,1978552
1597,1110912,直得,電機機械,138345,147964
1598,1110912,岱宇,生技醫療業,449422,448166
1603,1110912,華電,電器電纜,491483,214634
1604,1110912,聲寶,電器電纜,714628,845180
1605,1110912,華新,電器電纜,14315935,15121399
1608,1110912,華榮,電器電纜,857290,976010
1611,1110912,中電,電器電纜,140844,126845
1612,1110912,宏泰,電器電纜,470080,503497
1614,1110912,三洋電,電器電纜,570465,692704
1615,1110912,大山,電器電纜,415238,263424
1616,1110912,億泰,電器電纜,366545,308203
1618,1110912,合機,電器電纜,405947,103947
1626,1110912,艾美特-KY,電器電纜,500166,712747
1701,1110912,中化,生技醫療業,678623,659390
1708,1110912,東鹼,化學工業,882160,681342
1709,1110912,和益,化學工業,874460,868527
1710,1110912,東聯,化學工業,1852131,1121107
1711,1110912,永光,化學工業,772829,735513
1712,1110912,興農,化學工業,1910508,2021193
1713,1110912,國化,化學工業,58815,44478
1714,1110912,和桐,化學工業,2042992,2338832
1717,1110912,長興,化學工業,3878708,4010038
1718,1110912,中纖,化學工業,2973454,2952896
1720,1110912,生達,生技醫療業,509036,462839
1721,1110912,三晃,化學工業,225643,230167
1722,1110912,台肥,化學工業,1318608,1191512
1723,1110912,中碳,化學工業,865016,964882
1725,1110912,元禎,化學工業,646962,632445
1727,1110912,中華化,化學工業,192152,192762
1730,1110912,花仙子,化學工業,266545,204056
1731,1110912,美吾華,生技醫療業,103953,105362
1733,1110912,五鼎,生技醫療業,198847,203389
1734,1110912,杏輝,生技醫療業,240083,193219
1735,1110912,日勝化,化學工業,242407,229032
1736,1110912,喬山,生技醫療業,2745173,1996618
1737,1110912,臺鹽,食品工業,334505,305192
1752,1110912,南光,生技醫療業,151201,180890
1760,1110912,寶齡富錦,生技醫療業,345476,159290
1762,1110912,中化生,生技醫療業,156945,130715
1773,1110912,勝一,化學工業,973028,900338
1776,1110912,展宇,化學工業,126953,101105
1783,1110912,和康生,生技醫療業,56342,46993
1786,1110912,科妍,生技醫療業,38740,58552
1789,1110912,神隆,生技醫療業,189826,290904
1795,1110912,美時,生技醫療業,996806,1043645
1802,1110912,台玻,玻璃陶瓷,3734242,3741733
1805,1110912,寶徠,建材營造,747,39558
1806,1110912,冠軍,玻璃陶瓷,244575,235289
1808,1110912,潤隆,建材營造,14021,19960
1809,1110912,中釉,玻璃陶瓷,236585,224533
1817,1110912,凱撒衛,玻璃陶瓷,235523,220316
1903,1110912,士紙,造紙工業,14708,12111
1904,1110912,正隆,造紙工業,3510002,3659438
1905,1110912,華紙,造紙工業,2046809,2079953
1906,1110912,寶隆,造紙工業,345171,401520
1907,1110912,永豐餘,造紙工業,6863866,6719538
1909,1110912,榮成,造紙工業,4420610,3733965
2006,1110912,東和鋼鐵,鋼鐵工業,5029584,4827238
2007,1110912,燁興,鋼鐵工業,447886,481612
2008,1110912,高興昌,鋼鐵工業,223797,227765
2009,1110912,第一銅,鋼鐵工業,262992,270550
2013,1110912,中鋼構,鋼鐵工業,1685690,1759432
2014,1110912,中鴻,鋼鐵工業,2303077,2890631
2015,1110912,豐興,鋼鐵工業,2855817,3274243
2017,1110912,官田鋼,鋼鐵工業,311272,341711
2020,1110912,美亞,鋼鐵工業,540292,476393
2022,1110912,聚亨,鋼鐵工業,833061,683525
2025,1110912,千興,鋼鐵工業,6212,51322
2027,1110912,大成鋼,鋼鐵工業,9582826,8854430
2028,1110912,威致,鋼鐵工業,847067,750409
2029,1110912,盛餘,鋼鐵工業,794833,1035691
2030,1110912,彰源,鋼鐵工業,1401283,1330411
2031,1110912,新光鋼,鋼鐵工業,1832460,1106608
2032,1110912,新鋼,鋼鐵工業,283295,225368
2033,1110912,佳大,鋼鐵工業,72271,51499
2034,1110912,允強,鋼鐵工業,1301373,1667173
2038,1110912,海光,鋼鐵工業,1110642,977276
2049,1110912,上銀,電機機械,2627868,2781486
2059,1110912,川湖,電子零組件業,723298,714280
2062,1110912,橋椿,其他,503368,660951
2069,1110912,運錩,鋼鐵工業,1099130,1229673
2101,1110912,南港,橡膠工業,552143,659958
2102,1110912,泰豐,橡膠工業,185894,184842
2103,1110912,台橡,橡膠工業,2785418,3085654
2105,1110912,正新,橡膠工業,9059420,8594207
2107,1110912,厚生,橡膠工業,162774,116397
2108,1110912,南帝,橡膠工業,832859,732110
2109,1110912,華豐,橡膠工業,476702,488521
2114,1110912,鑫永銓,橡膠工業,154244,161313
2115,1110912,六暉-KY,汽車工業,249194,276970
2201,1110912,裕隆,汽車工業,6247768,6950053
2204,1110912,中華,汽車工業,2204713,2664866
2206,1110912,三陽工業,汽車工業,4642552,4853029
2211,1110912,長榮鋼,鋼鐵工業,753827,982491
2227,1110912,裕日車,汽車工業,833180,2491666
2231,1110912,為升,汽車工業,309060,294771
2233,1110912,宇隆,汽車工業,298708,285558
2239,1110912,英利-KY,汽車工業,2368562,2170666
2241,1110912,艾姆勒,汽車工業,50098,50028
2243,1110912,宏旭-KY,汽車工業,87687,176610
2250,1110912,IKKA-KY,汽車工業,255471,243087
2301,1110912,光寶科,電腦及週邊設備業,15434850,14799908
2302,1110912,麗正,半導體業,81810,81749
2303,1110912,聯電,半導體業,25346076,24826685
2305,1110912,全友,電腦及週邊設備業,65241,60111
2312,1110912,金寶,其他電子業,16484774,15370766
2313,1110912,華通,電子零組件業,7188397,6888468
2314,1110912,台揚,通信網路業,431594,421381
2316,1110912,楠梓電,電子零組件業,484579,384907
2317,1110912,鴻海,其他電子業,448906316,475099076
2323,1110912,中環,光電業,703963,624190
2324,1110912,仁寶,電腦及週邊設備業,88842373,97630554
2327,1110912,國巨,電子零組件業,10175610,10410213
2328,1110912,廣宇,電子零組件業,2177265,1885425
2329,1110912,華泰,半導體業,1327389,1313341
2330,1110912,台積電,半導體業,218132391,186762689
2331,1110912,精英,電腦及週邊設備業,2617625,2740290
2332,1110912,友訊,通信網路業,1447895,1404034
2337,1110912,旺宏,半導體業,3727862,3604068
2338,1110912,光罩,半導體業,697223,670978
2340,1110912,台亞,半導體業,354487,363382
2342,1110912,茂矽,半導體業,190849,191600
2344,1110912,華邦電,半導體業,7402743,7390832
2345,1110912,智邦,通信網路業,6391814,6840989
2347,1110912,聯強,電子通路業,35920894,32768594
2348,1110912,海悅,其他,417930,341010
2349,1110912,錸德,光電業,686466,699359
2351,1110912,順德,半導體業,988150,985729
2352,1110912,佳世達,電腦及週邊設備業,19898793,20401065
2353,1110912,宏碁,電腦及週邊設備業,20241042,17458555
2354,1110912,鴻準,其他電子業,5553869,5448347
2355,1110912,敬鵬,電子零組件業,1474478,1355517
2356,1110912,英業達,電腦及週邊設備業,44375400,47109534
2357,1110912,華碩,電腦及週邊設備業,48226687,36753188
2358,1110912,廷鑫,其他,111234,115744
2359,1110912,所羅門,其他電子業,339190,311140
2360,1110912,致茂,其他電子業,2311564,2056033
2362,1110912,藍天,電腦及週邊設備業,1925210,1714848
2363,1110912,矽統,半導體業,11419,14579
2364,1110912,倫飛,電腦及週邊設備業,84145,77669
2365,1110912,昆盈,電腦及週邊設備業,108515,130910
2367,1110912,燿華,電子零組件業,1888943,1756020
2368,1110912,金像電,電子零組件業,2960443,2667513
2369,1110912,菱生,半導體業,453201,490820
2373,1110912,震旦行,其他電子業,1173846,1253904
2374,1110912,佳能,光電業,496358,461480
2375,1110912,凱美,電子零組件業,497713,528019
2376,1110912,技嘉,電腦及週邊設備業,7896900,7435303
2377,1110912,微星,電腦及週邊設備業,12564059,13011506
2379,1110912,瑞昱,半導體業,10398019,9790003
2380,1110912,虹光,電腦及週邊設備業,259548,210220
2382,1110912,廣達,電腦及週邊設備業,131869030,129459679
2383,1110912,台光電,電子零組件業,3233476,3295478
2385,1110912,群光,電子零組件業,10261684,10302508
2387,1110912,精元,電腦及週邊設備業,2558851,2552948
2388,1110912,威盛,半導體業,983557,585607
2390,1110912,云辰,其他電子業,44727,43708
2392,1110912,正崴,電子零組件業,8025226,7721549
2393,1110912,億光,光電業,1562931,1638776
2395,1110912,研華,電腦及週邊設備業,6236122,5968194
2397,1110912,友通,電腦及週邊設備業,1294073,1454871
2402,1110912,毅嘉,電子零組件業,701975,600851
2405,1110912,輔信,電腦及週邊設備業,118183,145978
2408,1110912,南亞科,半導體業,3419118,4396393
2409,1110912,友達,光電業,16021445,17431035
2413,1110912,環科,電子零組件業,442168,411995
2414,1110912,精技,電子通路業,2361914,2375085
2415,1110912,錩新,電子零組件業,170344,179800
2417,1110912,圓剛,電腦及週邊設備業,284791,374541
2419,1110912,仲琦,通信網路業,1018128,937781
2421,1110912,建準,電子零組件業,1098401,1209716
2423,1110912,固緯,其他電子業,237725,225319
2424,1110912,隴華,電腦及週邊設備業,2429,7629
2425,1110912,承啟,電腦及週邊設備業,537114,478478
2427,1110912,三商電,資訊服務業,256713,254536
2428,1110912,興勤,電子零組件業,645334,598600
2429,1110912,銘旺科,光電業,39483,40687
2430,1110912,燦坤,電子通路業,1758229,1991245
2431,1110912,聯昌,電子零組件業,91302,120867
2433,1110912,互盛電,其他電子業,258754,271760
2434,1110912,統懋,半導體業,7716,7060
2436,1110912,偉詮電,半導體業,194038,192134
2438,1110912,翔耀,光電業,11792,16004
2439,1110912,美律,通信網路業,3716353,3290225
2440,1110912,太空梭,電子零組件業,228254,207441
2441,1110912,超豐,半導體業,1237752,1262225
2442,1110912,新美齊,電腦及週邊設備業,9811,9867
2444,1110912,兆勁,通信網路業,150337,113399
2449,1110912,京元電子,半導體業,2891833,3196133
2450,1110912,神腦,通信網路業,2512334,2393763
2451,1110912,創見,半導體業,1003703,1024394
2453,1110912,凌群,資訊服務業,446950,421165
2454,1110912,聯發科,半導體業,44699654,40890418
2455,1110912,全新,通信網路業,173020,190831
2457,1110912,飛宏,電子零組件業,1346161,1180373
2458,1110912,義隆,半導體業,843824,1076225
2459,1110912,敦吉,其他電子業,814858,766310
2460,1110912,建通,電子零組件業,184507,203088
2461,1110912,光群雷,其他電子業,518532,511005
2464,1110912,盟立,其他電子業,951871,951112
2465,1110912,麗臺,電腦及週邊設備業,291995,344049
2467,1110912,志聖,電子零組件業,497632,447143
2471,1110912,資通,資訊服務業,68149,74254
2472,1110912,立隆電,電子零組件業,798569,880929
2474,1110912,可成,其他電子業,2870083,2821398
2476,1110912,鉅祥,電子零組件業,632854,649311
2477,1110912,美隆電,其他電子業,201654,318855
2478,1110912,大毅,電子零組件業,369938,348427
2480,1110912,敦陽科,資訊服務業,576222,512430
2481,1110912,強茂,半導體業,1004167,1113783
2482,1110912,連宇,其他電子業,114766,85375
2483,1110912,百容,電子零組件業,184960,190205
2484,1110912,希華,電子零組件業,266354,312326
2485,1110912,兆赫,通信網路業,655975,589100
2486,1110912,一詮,光電業,413832,443616
2488,1110912,漢平,其他電子業,338510,339607
2489,1110912,瑞軒,光電業,1318705,1025750
2492,1110912,華新科,電子零組件業,2639851,2840653
2493,1110912,揚博,電子零組件業,266951,264948
2495,1110912,普安,電腦及週邊設備業,134145,129078
2497,1110912,怡利電,汽車工業,350939,238981
2498,1110912,宏達電,通信網路業,312762,304518
2501,1110912,國建,建材營造,995485,2016943
2504,1110912,國產,建材營造,1819642,1832273
2505,1110912,國揚,建材營造,75144,270910
2509,1110912,全坤建,建材營造,18293,15901
2511,1110912,太子,建材營造,507511,1006171
2514,1110912,龍邦,其他,1072268,678320
2515,1110912,中工,建材營造,1397356,1219088
2516,1110912,新建,建材營造,565296,465864
2520,1110912,冠德,建材營造,1546557,1525880
2524,1110912,京城,建材營造,223376,135598
2527,1110912,宏璟,建材營造,108525,42295
2528,1110912,皇普,建材營造,44,10
2530,1110912,華建,建材營造,1017,1011
2534,1110912,宏盛,建材營造,290440,465493
2535,1110912,達欣工,建材營造,1529560,1324551
2536,1110912,宏普,建材營造,72044,13657
2537,1110912,聯上發,建材營造,145148,49400
2538,1110912,基泰,建材營造,23611,26987
2539,1110912,櫻花建,建材營造,2364287,732130
2540,1110912,愛山林,建材營造,461649,388128
2542,1110912,興富發,建材營造,343473,181592
2543,1110912,皇昌,建材營造,717050,633839
2545,1110912,皇翔,建材營造,361731,904436
2546,1110912,根基,建材營造,1339321,1261109
2547,1110912,日勝生,建材營造,612376,429425
2548,1110912,華固,建材營造,238563,1229035
2601,1110912,益航,貿易百貨,529814,465054
2603,1110912,長榮,航運業,57442123,62799441
2605,1110912,新興,航運業,313492,283538
2606,1110912,裕民,航運業,1472657,1651326
2607,1110912,榮運,航運業,2055556,1686328
2609,1110912,陽明,航運業,35089619,36749405
2611,1110912,志信,航運業,65992,66758
2612,1110912,中航,航運業,390907,399538
2613,1110912,中櫃,航運業,269207,273017
2615,1110912,萬海,航運業,21314901,23902539
2616,1110912,山隆,油電燃氣業,1519762,1576509
2617,1110912,台航,航運業,329693,334578
2618,1110912,長榮航,航運業,12014621,11866739
2630,1110912,亞航,航運業,382673,384986
2633,1110912,台灣高鐵,航運業,3366023,2991101
2634,1110912,漢翔,航運業,2555919,2740052
2636,1110912,台驊投控,航運業,1996021,2237452
2637,1110912,慧洋-KY,航運業,2073045,2342621
2642,1110912,宅配通,航運業,401898,379005
2701,1110912,萬企,觀光事業,19414,20132
2702,1110912,華園,觀光事業,132331,150799
2704,1110912,國賓,觀光事業,112335,101444
2706,1110912,第一店,觀光事業,23681,24195
2707,1110912,晶華,觀光事業,525276,468972
2712,1110912,遠雄來,觀光事業,90289,68203
2722,1110912,夏都,觀光事業,114328,118711
2723,1110912,美食-KY,觀光事業,1733154,1636887
2731,1110912,雄獅,觀光事業,256632,197588
2748,1110912,雲品,觀光事業,167123,166842
2801,1110912,彰銀,金融保險業,3265931,3549913
2809,1110912,京城銀,金融保險業,905008,1136280
2812,1110912,台中銀,金融保險業,1440249,1436922
2816,1110912,旺旺保,金融保險業,758209,813502
2820,1110912,華票,金融保險業,249065,73896
2832,1110912,台產,金融保險業,521635,563873
2834,1110912,臺企銀,金融保險業,2563993,2906096
2836,1110912,高雄銀,金融保險業,303639,309915
2845,1110912,遠東銀,金融保險業,1128926,1028245
2849,1110912,安泰銀,金融保險業,517200,460264
2851,1110912,中再保,金融保險業,1791841,1417889
2852,1110912,第一保,金融保險業,631312,640231
2855,1110912,統一證,金融保險業,485770,597285
2880,1110912,華南金,金融保險業,5166107,6118042
2884,1110912,玉山金,金融保險業,4793454,6085993
2886,1110912,兆豐金,金融保險業,4861655,7120270
2887,1110912,台新金,金融保險業,6276645,4579492
2888,1110912,新光金,金融保險業,10398122,8992940
2889,1110912,國票金,金融保險業,579802,676630
2890,1110912,永豐金,金融保險業,4313423,4728509
2891,1110912,中信金,金融保險業,11158103,15576298
2892,1110912,第一金,金融保險業,7045774,7321542
2897,1110912,王道銀行,金融保險業,1005423,893584
2901,1110912,欣欣,貿易百貨,8393,10378
2904,1110912,匯僑,其他,43916,41951
2908,1110912,特力,貿易百貨,2977229,2946815
2910,1110912,統領,貿易百貨,118810,38141
3002,1110912,歐格,電腦及週邊設備業,61625,74758
3004,1110912,豐達科,鋼鐵工業,209199,181311
3005,1110912,神基,電腦及週邊設備業,2937045,2964559
3006,1110912,晶豪科,半導體業,1185956,1254723
3008,1110912,大立光,光電業,4441781,3885328
3010,1110912,華立,電子通路業,6431519,6473883
3011,1110912,今皓,電子零組件業,125991,139198
3013,1110912,晟銘電,電腦及週邊設備業,540034,569867
3014,1110912,聯陽,半導體業,374733,361455
3015,1110912,全漢,電子零組件業,1453851,1316502
3016,1110912,嘉晶,半導體業,521284,520561
3017,1110912,奇鋐,電腦及週邊設備業,4978025,4852129
3019,1110912,亞光,光電業,1659751,1645534
3021,1110912,鴻名,電子零組件業,393648,356402
3022,1110912,威強電,電腦及週邊設備業,941034,859297
3023,1110912,信邦,電子零組件業,2737848,2655190
3024,1110912,憶聲,光電業,159908,165209
3025,1110912,星通,通信網路業,29805,41334
3026,1110912,禾伸堂,電子零組件業,1157585,1193913
3027,1110912,盛達,通信網路業,150433,69403
3028,1110912,增你強,電子通路業,2676060,2988118
3029,1110912,零壹,資訊服務業,1623480,952558
3030,1110912,德律,其他電子業,593191,439496
3031,1110912,佰鴻,光電業,113455,135903
3033,1110912,威健,電子通路業,6175847,5167770
3034,1110912,聯詠,半導體業,6527191,6865719
3035,1110912,智原,半導體業,1086262,1090051
3036,1110912,文曄,電子通路業,45134755,46816263
3037,1110912,欣興,電子零組件業,12131465,11779291
3038,1110912,全台,光電業,428169,426868
3040,1110912,遠見,其他,14195,13205
3041,1110912,揚智,半導體業,157781,213652
3042,1110912,晶技,電子零組件業,1105110,1179482
3043,1110912,科風,其他電子業,148084,86016
3044,1110912,健鼎,電子零組件業,5569157,5758566
3046,1110912,建碁,電腦及週邊設備業,295547,304239
3047,1110912,訊舟,通信網路業,516192,467344
3048,1110912,益登,電子通路業,10912095,9072811
3049,1110912,和鑫,光電業,148036,143027
3050,1110912,鈺德,光電業,99648,101783
3051,1110912,力特,光電業,217777,257108
3054,1110912,立萬利,半導體業,2518,3012
3055,1110912,蔚華科,電子通路業,178580,184243
3056,1110912,總太,建材營造,703890,111586
3057,1110912,喬鼎,電腦及週邊設備業,72271,72976
3058,1110912,立德,電子零組件業,351538,464460
3059,1110912,華晶科,光電業,1380336,1250957
3060,1110912,銘異,電腦及週邊設備業,249108,227236
3062,1110912,建漢,通信網路業,638623,606135
3090,1110912,日電貿,電子零組件業,764649,922482
3092,1110912,鴻碩,電子零組件業,247190,295429
3094,1110912,聯傑,半導體業,26385,27352
3130,1110912,一零四,資訊服務業,190253,194456
3138,1110912,耀登,通信網路業,165994,151516
3149,1110912,正達,光電業,229172,224365
3164,1110912,景岳,生技醫療業,32210,18103
3167,1110912,大量,電機機械,163116,225273
3189,1110912,景碩,半導體業,3868932,3762744
3209,1110912,全科,電子通路業,5017486,6345141
3229,1110912,晟鈦,電子零組件業,82120,92877
3231,1110912,緯創,電腦及週邊設備業,76876839,79684558
3257,1110912,虹冠電,半導體業,35810,40597
3266,1110912,昇陽,建材營造,31351,133554
3296,1110912,勝德,電子零組件業,265384,267669
3305,1110912,昇貿,其他電子業,642761,670145
3308,1110912,聯德,電子零組件業,23217,18857
3311,1110912,閎暉,通信網路業,179512,171920
3312,1110912,弘憶股,電子通路業,1580078,1589595
3321,1110912,同泰,電子零組件業,104049,124415
3338,1110912,泰碩,電子零組件業,413297,405149
3356,1110912,奇偶,光電業,132303,99730
3376,1110912,新日興,電子零組件業,1183511,1184575
3380,1110912,明泰,通信網路業,3058273,2756213
3383,1110912,新世紀,光電業,29107,27411
3406,1110912,玉晶光,光電業,2535097,1946290
3413,1110912,京鼎,半導體業,1379766,1273395
3416,1110912,融程電,電腦及週邊設備業,259619,233540
3419,1110912,譁裕,通信網路業,181487,190773
3432,1110912,台端,電子零組件業,1001,3916
3437,1110912,榮創,光電業,151805,139464
3443,1110912,創意,半導體業,2014285,1940034
3450,1110912,聯鈞,半導體業,602092,637850
3454,1110912,晶睿,光電業,921507,850076
3481,1110912,群創,光電業,15281141,15760183
3494,1110912,誠研,電腦及週邊設備業,53909,55959
3501,1110912,維熹,電子零組件業,625417,515250
3504,1110912,揚明光,光電業,403435,493551
3515,1110912,華擎,電腦及週邊設備業,1192075,989566
3518,1110912,柏騰,其他電子業,22510,35045
3528,1110912,安馳,電子通路業,551377,580146
3530,1110912,晶相光,半導體業,125098,134294
3532,1110912,台勝科,半導體業,1394766,1382833
3533,1110912,嘉澤,電子零組件業,2372149,2236848
3535,1110912,晶彩科,光電業,155401,114053
3536,1110912,誠創,半導體業,40883,37043
3543,1110912,州巧,光電業,237089,281091
3545,1110912,敦泰,半導體業,745879,636014
3550,1110912,聯穎,電子零組件業,304493,324052
3557,1110912,嘉威,其他,392978,359103
3563,1110912,牧德,光電業,132720,163991
3576,1110912,聯合再生,光電業,1544244,1280849
3583,1110912,辛耘,半導體業,470253,493879
3588,1110912,通嘉,半導體業,102656,110149
3591,1110912,艾笛森,光電業,154570,147124
3592,1110912,瑞鼎,半導體業,1326763,1389413
3593,1110912,力銘,電子零組件業,100023,67825
3596,1110912,智易,通信網路業,4077872,4183524
3607,1110912,谷崧,電子零組件業,255932,218180
3617,1110912,碩天,其他電子業,979882,1031406
3622,1110912,洋華,光電業,82007,112422
3645,1110912,達邁,電子零組件業,105511,86481
3653,1110912,健策,電子零組件業,1122164,919515
3661,1110912,世芯-KY,半導體業,1166107,950674
3665,1110912,貿聯-KY,其他電子業,4567275,4953269
3669,1110912,圓展,通信網路業,216418,312966
3673,1110912,TPK-KY,光電業,9195001,9939817
3679,1110912,新至陞,電子零組件業,414153,402394
3682,1110912,亞太電,通信網路業,1022246,1034500
3686,1110912,達能,半導體業,8132,582
3694,1110912,海華,通信網路業,1091212,978354
3705,1110912,永信,生技醫療業,556860,537095
3706,1110912,神達,電腦及週邊設備業,3822003,4046413
3708,1110912,上緯投控,化學工業,814660,679366
3712,1110912,永崴投控,電腦及週邊設備業,815793,637229
3714,1110912,富采,光電業,2282902,2316152
4104,1110912,佳醫,生技醫療業,634672,562980
4108,1110912,懷特,生技醫療業,14316,8752
4119,1110912,旭富,生技醫療業,124845,49649
4133,1110912,亞諾法,生技醫療業,42019,30430
4137,1110912,麗豐-KY,生技醫療業,396987,388205
4142,1110912,國光生,生技醫療業,109142,277341
4148,1110912,全宇生技-KY,生技醫療業,460062,365312
4190,1110912,佐登-KY,生技醫療業,216035,200064
4426,1110912,利勤,紡織纖維,120036,140625
4438,1110912,廣越,紡織纖維,2558539,2473638
4439,1110912,冠星-KY,紡織纖維,785447,574542
4440,1110912,宜新實業,紡織纖維,135067,126887
4532,1110912,瑞智,電機機械,1250912,1519977
4536,1110912,拓凱,其他,1128785,865598
4540,1110912,全球傳動,電機機械,283229,329530
4545,1110912,銘鈺,電子零組件業,192080,243684
4551,1110912,智伸科,汽車工業,849739,797410
4552,1110912,力達-KY,電機機械,512122,438540
4555,1110912,氣立,電機機械,149859,184869
4557,1110912,永新-KY,汽車工業,266856,280503
4560,1110912,強信-KY,電機機械,154978,161919
4562,1110912,穎漢,電機機械,74722,66153
4564,1110912,元翎,電機機械,146576,152461
4566,1110912,時碩工業,電機機械,477432,406815
4571,1110912,鈞興-KY,電機機械,189199,206991
4572,1110912,駐龍,電機機械,59544,50043
4576,1110912,大銀微系統,電機機械,283578,286237
4581,1110912,光隆精密-KY,汽車工業,96181,81784
4583,1110912,台灣精銳,電機機械,246306,291708
4720,1110912,德淵,化學工業,322875,326494
4722,1110912,國精化,化學工業,285783,378792
4737,1110912,華廣,生技醫療業,144384,164715
4739,1110912,康普,化學工業,680910,797698
4746,1110912,台耀,生技醫療業,279054,340174
4755,1110912,三福化,化學工業,419269,411234
4763,1110912,材料-KY,化學工業,416873,372572
4764,1110912,雙鍵,化學工業,226376,227727
4766,1110912,南寶,化學工業,1993074,1882912
4770,1110912,上品,化學工業,420669,524897
4906,1110912,正文,通信網路業,2654839,2300161
4912,1110912,聯德控股-KY,電子零組件業,404243,506883
4915,1110912,致伸,電子零組件業,7429895,7378112
4916,1110912,事欣科,電腦及週邊設備業,246987,177944
4919,1110912,新唐,半導體業,3485293,3320548
4927,1110912,泰鼎-KY,電子零組件業,1072376,853497
4930,1110912,燦星網,電器電纜,628347,681833
4934,1110912,太極,光電業,193432,200716
4935,1110912,茂林-KY,光電業,1099924,1151695
4938,1110912,和碩,電腦及週邊設備業,116036992,107969645
4942,1110912,嘉彰,光電業,626796,620510
4952,1110912,凌通,半導體業,231324,245525
4956,1110912,光鋐,光電業,93380,84421
4958,1110912,臻鼎-KY,電子零組件業,16539190,13193571
4960,1110912,誠美材,光電業,605699,775995
4961,1110912,天鈺,半導體業,1434516,1459047
4967,1110912,十銓,半導體業,504585,485816
4968,1110912,立積,半導體業,302144,296677
4976,1110912,佳凌,光電業,113276,111434
4977,1110912,眾達-KY,通信網路業,270184,269941
4989,1110912,榮科,電子零組件業,332823,297198
4994,1110912,傳奇,資訊服務業,137315,172737
4999,1110912,鑫禾,電子零組件業,163123,192571
5007,1110912,三星,鋼鐵工業,597907,532636
5203,1110912,訊連,資訊服務業,139866,148930
5215,1110912,科嘉-KY,電腦及週邊設備業,178597,251151
5222,1110912,全訊,半導體業,94635,67102
5225,1110912,東科-KY,其他電子業,1403828,1363484
5234,1110912,達興材料,光電業,252786,250165
5243,1110912,乙盛-KY,光電業,1406940,1270012
5244,1110912,弘凱,光電業,68785,62184
5258,1110912,虹堡,電腦及週邊設備業,634941,616095
5269,1110912,祥碩,半導體業,451057,449339
5284,1110912,jpp-KY,其他,164356,157092
5285,1110912,界霖,半導體業,547000,557922
5388,1110912,中磊,通信網路業,5733889,6006754
5434,1110912,崇越,電子通路業,4632104,4621927
5469,1110912,瀚宇博,電子零組件業,4139143,4179502
5471,1110912,松翰,半導體業,254784,260396
5515,1110912,建國,建材營造,387387,453909
5519,1110912,隆大,建材營造,959016,273679
5521,1110912,工信,建材營造,691127,526120
5522,1110912,遠雄,建材營造,1797686,1638958
5525,1110912,順天,建材營造,106626,136415
5531,1110912,鄉林,建材營造,153713,111951
5533,1110912,皇鼎,建材營造,37837,666090
5534,1110912,長虹,建材營造,246587,375411
5538,1110912,東明-KY,鋼鐵工業,1289253,1247474
5607,1110912,遠雄港,航運業,261523,265497
5608,1110912,四維航,航運業,620091,680732
5871,1110912,中租-KY,其他,7508424,7438078
5876,1110912,上海商銀,金融保險業,4582566,4730874
5880,1110912,合庫金,金融保險業,4795374,6505321
5906,1110912,台南-KY,貿易百貨,189583,169090
5907,1110912,大洋-KY,貿易百貨,338121,290923
6005,1110912,群益證,金融保險業,959265,927194
6024,1110912,群益期,金融保險業,216494,240420
6112,1110912,邁達特,資訊服務業,1030595,1099635
6115,1110912,鎰勝,電子零組件業,637913,617115
6116,1110912,彩晶,光電業,1437876,1355754
6117,1110912,迎廣,電腦及週邊設備業,205477,234013
6120,1110912,達運,光電業,639192,1378852
6128,1110912,上福,電腦及週邊設備業,436810,423073
6133,1110912,金橋,電子零組件業,142121,137516
6136,1110912,富爾特,通信網路業,40997,36608
6139,1110912,亞翔,其他電子業,3350685,3067204
6141,1110912,柏承,電子零組件業,258525,282373
6142,1110912,友勁,通信網路業,360623,302819
6152,1110912,百一,通信網路業,482327,341758
6153,1110912,嘉聯益,電子零組件業,1824237,1547536
6155,1110912,鈞寶,電子零組件業,63458,69910
6164,1110912,華興,光電業,59672,89999
6165,1110912,浪凡,其他,265625,242920
6166,1110912,凌華,電腦及週邊設備業,1017140,964990
6176,1110912,瑞儀,光電業,6052612,5984875
6177,1110912,達麗,建材營造,106544,61937
6183,1110912,關貿,資訊服務業,194869,160456
6184,1110912,大豐電,其他,166828,165923
6191,1110912,精成科,電子零組件業,2046695,2054916
6192,1110912,巨路,其他電子業,507972,536883
6196,1110912,帆宣,其他電子業,4907330,4745747
6197,1110912,佳必琪,電子零組件業,404465,392114
6201,1110912,亞弘電,其他電子業,284184,227171
6202,1110912,盛群,半導體業,469580,495274
6205,1110912,詮欣,電子零組件業,135288,143506
6209,1110912,今國光,光電業,300256,293524
6213,1110912,聯茂,電子零組件業,2055410,2203124
6214,1110912,精誠,資訊服務業,2817723,2852649
6215,1110912,和椿,其他電子業,134379,175854
6216,1110912,居易,通信網路業,47227,56370
6225,1110912,天瀚,光電業,2770,2781
6226,1110912,光鼎,光電業,67205,69799
6230,1110912,尼得科超眾,電腦及週邊設備業,997458,1044790
6235,1110912,華孚,電腦及週邊設備業,355633,365363
6239,1110912,力成,半導體業,7084719,7683710
6243,1110912,迅杰,半導體業,45079,51196
6257,1110912,矽格,半導體業,1563234,1657522
6269,1110912,台郡,電子零組件業,4142926,3122711
6271,1110912,同欣電,半導體業,1263132,1188603
6277,1110912,宏正,電腦及週邊設備業,460459,397421
6278,1110912,台表科,光電業,5858946,6109530
6281,1110912,全國電,電子通路業,1961170,2337918
6282,1110912,康舒,電子零組件業,2152244,2062672
6285,1110912,啟碁,通信網路業,8539157,8243938
6288,1110912,聯嘉,汽車工業,335853,250458
6289,1110912,華上,光電業,2021,2247
6405,1110912,悅城,光電業,18034,23673
6409,1110912,旭隼,其他電子業,2357898,1976858
6412,1110912,群電,電子零組件業,3514327,3535141
6414,1110912,樺漢,電腦及週邊設備業,10392386,9600256
6415,1110912,矽力*-KY,半導體業,1992630,2080677
6416,1110912,瑞祺電通,通信網路業,421679,371382
6426,1110912,統新,通信網路業,52664,51114
6431,1110912,光麗-KY,生技醫療業,35617,38027
6438,1110912,迅得,其他電子業,547588,480168
6442,1110912,光聖,通信網路業,290621,352830
6443,1110912,元晶,光電業,745150,757068
6449,1110912,鈺邦,電子零組件業,156244,152497
6451,1110912,訊芯-KY,半導體業,596431,477492
6456,1110912,GIS-KY,光電業,12094031,10858198
6464,1110912,台數科,其他,355117,353787
6477,1110912,安集,光電業,360067,265651
6491,1110912,晶碩,生技醫療業,506432,457846
6504,1110912,南六,其他,513953,450852
6505,1110912,台塑化,油電燃氣業,82746460,76588503
6515,1110912,穎崴,半導體業,507176,423518
6525,1110912,捷敏-KY,半導體業,459152,496251
6531,1110912,愛普*,半導體業,382285,405358
6533,1110912,晶心科,半導體業,86077,68706
6541,1110912,泰福-KY,生技醫療業,3889,571
6550,1110912,北極星藥業-KY,生技醫療業,75,269
6552,1110912,易華電,半導體業,120246,123586
6558,1110912,興能高,其他電子業,100562,116104
6579,1110912,研揚,電腦及週邊設備業,652638,642046
6581,1110912,鋼聯,其他,218681,167760
6582,1110912,申豐,橡膠工業,109334,119802
6585,1110912,鼎基,其他,204163,254596
6591,1110912,動力-KY,電腦及週邊設備業,72222,94041
6592,1110912,和潤企業,其他,1976961,1967486
6598,1110912,ABC-KY,生技醫療業,38080,36701
6605,1110912,帝寶,汽車工業,1533348,1599572
6625,1110912,必應,其他,109432,48517
6641,1110912,基士德-KY,其他,157116,143152
6655,1110912,科定,其他,228988,208228
6666,1110912,羅麗芬-KY,生技醫療業,73077,72048
6668,1110912,中揚光,光電業,75657,130284
6669,1110912,緯穎,電腦及週邊設備業,26368154,21822682
6670,1110912,復盛應用,其他,2645360,2597223
6671,1110912,三能-KY,其他,144067,156324
6672,1110912,騰輝電子-KY,電子零組件業,393210,397849
6674,1110912,鋐寶科技,通信網路業,255536,236304
6691,1110912,洋基工程,其他電子業,1258899,1407876
6698,1110912,旭暉應材,其他電子業,80114,91363
6706,1110912,惠特,光電業,214009,346597
6715,1110912,嘉基,電子零組件業,345620,294131
6719,1110912,力智,半導體業,512922,553863
6743,1110912,安普新,其他電子業,372540,459295
6754,1110912,匯僑設計,其他,528750,489318
6756,1110912,威鋒電子,半導體業,206136,213250
6768,1110912,志強-KY,其他,1845629,1748160
6770,1110912,力積電,半導體業,6432678,6733600
6776,1110912,展碁國際,電子通路業,1992711,1756354
6781,1110912,AES-KY,電子零組件業,1341133,1340817
6789,1110912,采鈺,半導體業,719034,805256
6790,1110912,永豐實,造紙工業,840132,776555
6792,1110912,詠業,通信網路業,106970,113967
6796,1110912,晉弘,生技醫療業,42049,36224
6799,1110912,來頡,半導體業,86691,102012
6806,1110912,森崴能源,其他,189516,117837
6807,1110912,峰源-KY,其他,403588,444087
6830,1110912,汎銓,其他電子業,156716,162348
6834,1110912,天二科技,電子零組件業,75439,86426
6854,1110912,錼創科技-KY創,半導體業,37978,37419
8011,1110912,台通,通信網路業,156657,133888
8016,1110912,矽創,半導體業,1358220,1341235
8021,1110912,尖點,其他電子業,290389,284177
8028,1110912,昇陽半導體,半導體業,275108,266695
8033,1110912,雷虎,其他,105568,89114
8039,1110912,台虹,電子零組件業,801306,700704
8046,1110912,南電,電子零組件業,5756589,5531701
8070,1110912,長華*,電子通路業,1855940,1891503
8072,1110912,陞泰,電子通路業,104016,95134
8081,1110912,致新,半導體業,567196,624636
8101,1110912,華冠,通信網路業,31994,18632
8103,1110912,瀚荃,電子零組件業,294269,328303
8104,1110912,錸寶,光電業,266751,277014
8105,1110912,凌巨,光電業,846983,891233
8110,1110912,華東,半導體業,889037,892092
8112,1110912,至上,電子通路業,12938594,12283141
8114,1110912,振樺電,電腦及週邊設備業,1205735,1100923
8131,1110912,福懋科,半導體業,906043,883997
8150,1110912,南茂,半導體業,1715097,1947919
8163,1110912,達方,電腦及週邊設備業,2612800,2446067
8201,1110912,無敵,其他電子業,36224,32269
8210,1110912,勤誠,電腦及週邊設備業,1024998,1020710
8213,1110912,志超,電子零組件業,1344154,1469415
8215,1110912,明基材,光電業,1264800,1271899
8222,1110912,寶一,電機機械,47723,41131
8249,1110912,菱光,電子零組件業,402047,389201
8261,1110912,富鼎,半導體業,287845,333983
8271,1110912,宇瞻,半導體業,698115,674479
8341,1110912,日友,其他,312497,291676
8367,1110912,建新國際,航運業,221253,217977
8374,1110912,羅昇,電機機械,294942,331442
8404,1110912,百和興業-KY,其他,729430,670082
8411,1110912,福貞-KY,其他,1001252,870010
8422,1110912,可寧衛,其他,488257,398929
8429,1110912,金麗-KY,貿易百貨,21061,24850
8438,1110912,昶昕,其他,311069,282123
8442,1110912,威宏-KY,其他,742442,772258
8443,1110912,阿瘦,貿易百貨,106806,100263
8462,1110912,柏文,觀光事業,323006,293742
8464,1110912,億豐,其他,2239644,2493171
8466,1110912,美吉吉-KY,其他,212267,271446
8467,1110912,波力-KY,其他,249059,182053
8473,1110912,山林水,其他,459949,328329
8478,1110912,東哥遊艇,其他,337509,296568
8480,1110912,泰昇-KY,其他,139239,131477
8481,1110912,政伸,其他,133388,120095
8488,1110912,吉源-KY,其他,389977,361638
8926,1110912,台汽電,油電燃氣業,273218,201629
8940,1110912,新天地,觀光事業,33790,48444
8996,1110912,高力,電機機械,235345,258753
9802,1110912,鈺齊-KY,其他,2664237,2091076
9902,1110912,台火,其他,2182,18647
9905,1110912,大華,其他,977558,941787
9906,1110912,欣巴巴,建材營造,96909,361537
9907,1110912,統一實,其他,4084329,4242111
9910,1110912,豐泰,其他,8780643,8494558
9911,1110912,櫻花,其他,647591,667660
9912,1110912,偉聯,電腦及週邊設備業,48639,38036
9914,1110912,美利達,其他,3021291,3256264
9917,1110912,中保科,其他,1300543,1246390
9918,1110912,欣天然,油電燃氣業,115715,144160
9924,1110912,福興,其他,894986,992611
9925,1110912,新保,其他,639183,631362
9926,1110912,新海,油電燃氣業,157646,165373
9927,1110912,泰銘,其他,790747,781853
9928,1110912,中視,其他,66149,72766
9929,1110912,秋雨,其他,51266,44423
9930,1110912,中聯資源,其他,953660,980550
9931,1110912,欣高,油電燃氣業,97643,86467
9933,1110912,中鼎,其他,7757743,7859156
9935,1110912,慶豐富,其他,415837,472316
9937,1110912,全國,油電燃氣業,2173347,2133059
9938,1110912,百和,其他,1476959,1340178
9939,1110912,宏全,其他,2598183,2360564
9940,1110912,信義,其他,919977,1062504
9941,1110912,裕融,其他,3201093,3093859
9942,1110912,茂順,其他,352730,349111
9943,1110912,好樂迪,觀光事業,212912,197756
9944,1110912,新麗,其他,179660,231139
9955,1110912,佳龍,其他,81881,85625
9958,1110912,世紀鋼,鋼鐵工業,757968,651699
